buffer_type,frequency_hz,duration_s,avg_removal_time_us,max_removal_time_us,data_consumed,throughput_msg_per_sec
ring,100,2,6.487368421052631,86.7,190,95.0
inefficient,100,2,4.974603174603175,14.7,189,94.5
ring,500,3,2.277906976744186,16.9,86,28.67
inefficient,500,3,2.468604651162791,14.8,86,28.67
ring,1000,5,2.8600000000000003,5.0,55,11.0
inefficient,1000,5,12.39090909090909,33.8,55,11.0
