buffer_type,frequency_hz,network_delay_ms,avg_latency_ms,max_latency_ms,min_latency_ms,jitter_ms
ring,100,0,1.3764489473684212,1.9432,0.0157,0.5953304276432033
inefficient,100,0,1.3053867724867725,2.0246,0.0232,0.6039053588250609
ring,500,20,1645.664758139535,3289.3457,0.2332,961.5522389446937
inefficient,500,20,1646.61396627907,3296.6676,0.1653,963.4062715707458
ring,1000,50,2692.9557763636367,5384.6531,0.1914,1582.8319141779011
inefficient,1000,50,2690.5456,5380.2419,0.2248,1581.960858239218
